"","site_name","site","day","latest_temperature","lon","lat"
"1","Aberdeen","abd","2016-06-30",13.05,"-2.094278","57.15736"
"2","Aberdeen","abd","2016-07-01",9.7,"-2.094278","57.15736"
"3","Aberdeen","abd","2016-07-02",12,"-2.094278","57.15736"
"4","Aberdeen","abd","2016-07-03",12.35,"-2.094278","57.15736"
"5","Aberdeen","abd","2016-07-04",11.2,"-2.094278","57.15736"
"6","Aberdeen","abd","2016-07-05",16.3,"-2.094278","57.15736"
"7","Aberdeen","abd",NA,12.45,"-2.094278","57.15736"
"8","Armagh Roadside","arm6","2016-06-30",12.6,"-6.654558","54.353728"
"9","Armagh Roadside","arm6","2016-07-01",10.2,"-6.654558","54.353728"
"10","Armagh Roadside","arm6","2016-07-02",13.3,"-6.654558","54.353728"
"11","Armagh Roadside","arm6","2016-07-03",14.4,"-6.654558","54.353728"
"12","Armagh Roadside","arm6","2016-07-04",12,"-6.654558","54.353728"
"13","Armagh Roadside","arm6","2016-07-05",17.9,"-6.654558","54.353728"
"14","Armagh Roadside","arm6",NA,12.5,"-6.654558","54.353728"
"15","Auchencorth Moss","acth","2016-06-30",10.05,"-3.2429","55.79216"
"16","Auchencorth Moss","acth","2016-07-01",7.95,"-3.2429","55.79216"
"17","Auchencorth Moss","acth","2016-07-02",9.5,"-3.2429","55.79216"
"18","Auchencorth Moss","acth","2016-07-03",10.45,"-3.2429","55.79216"
"19","Auchencorth Moss","acth","2016-07-04",10.6,"-3.2429","55.79216"
"20","Auchencorth Moss","acth","2016-07-05",16,"-3.2429","55.79216"
"21","Auchencorth Moss","acth",NA,10.4,"-3.2429","55.79216"
"22","Barnstaple A39","bple","2016-06-30",13.85,"-4.041924","51.074793"
"23","Barnstaple A39","bple","2016-07-01",12.15,"-4.041924","51.074793"
"24","Barnstaple A39","bple","2016-07-02",11.15,"-4.041924","51.074793"
"25","Barnstaple A39","bple","2016-07-03",11.5,"-4.041924","51.074793"
"26","Barnstaple A39","bple","2016-07-04",14,"-4.041924","51.074793"
"27","Barnstaple A39","bple","2016-07-05",23.2,"-4.041924","51.074793"
"28","Barnstaple A39","bple",NA,13.9,"-4.041924","51.074793"
"29","Belfast Centre","bel2","2016-06-30",12.75,"-5.928833","54.59965"
"30","Belfast Centre","bel2","2016-07-01",10.8,"-5.928833","54.59965"
"31","Belfast Centre","bel2","2016-07-02",12.4,"-5.928833","54.59965"
"32","Belfast Centre","bel2","2016-07-03",13.75,"-5.928833","54.59965"
"33","Belfast Centre","bel2","2016-07-04",12,"-5.928833","54.59965"
"34","Belfast Centre","bel2","2016-07-05",20.55,"-5.928833","54.59965"
"35","Belfast Centre","bel2",NA,13,"-5.928833","54.59965"
"36","Birmingham Acocks Green","agrn","2016-06-30",15.5,"-1.829999","52.437165"
"37","Birmingham Acocks Green","agrn","2016-07-01",11.2,"-1.829999","52.437165"
"38","Birmingham Acocks Green","agrn","2016-07-02",14.1,"-1.829999","52.437165"
"39","Birmingham Acocks Green","agrn","2016-07-03",14.9,"-1.829999","52.437165"
"40","Birmingham Acocks Green","agrn","2016-07-04",16.1,"-1.829999","52.437165"
"41","Birmingham Acocks Green","agrn","2016-07-05",19.3,"-1.829999","52.437165"
"42","Birmingham Acocks Green","agrn",NA,15.3,"-1.829999","52.437165"
"43","Birmingham Tyburn","bir1","2016-06-30",15.55,"-1.830583","52.511722"
"44","Birmingham Tyburn","bir1","2016-07-01",11.5,"-1.830583","52.511722"
"45","Birmingham Tyburn","bir1","2016-07-02",14.2,"-1.830583","52.511722"
"46","Birmingham Tyburn","bir1","2016-07-03",13.5,"-1.830583","52.511722"
"47","Birmingham Tyburn","bir1","2016-07-04",16.2,"-1.830583","52.511722"
"48","Birmingham Tyburn","bir1","2016-07-05",21.35,"-1.830583","52.511722"
"49","Birmingham Tyburn","bir1",NA,15.15,"-1.830583","52.511722"
"50","Birmingham Tyburn Roadside","birt","2016-06-30",14.7,"-1.830861","52.512194"
"51","Birmingham Tyburn Roadside","birt","2016-07-01",10.5,"-1.830861","52.512194"
"52","Birmingham Tyburn Roadside","birt","2016-07-02",13.1,"-1.830861","52.512194"
"53","Birmingham Tyburn Roadside","birt","2016-07-03",12.75,"-1.830861","52.512194"
"54","Birmingham Tyburn Roadside","birt","2016-07-04",15.3,"-1.830861","52.512194"
"55","Birmingham Tyburn Roadside","birt","2016-07-05",17.75,"-1.830861","52.512194"
"56","Birmingham Tyburn Roadside","birt",NA,14.15,"-1.830861","52.512194"
"57","Blackpool Marton","blc2","2016-06-30",11.6,"-3.007175","53.80489"
"58","Blackpool Marton","blc2","2016-07-01",10.5,"-3.007175","53.80489"
"59","Blackpool Marton","blc2","2016-07-02",11.7,"-3.007175","53.80489"
"60","Blackpool Marton","blc2","2016-07-03",12.9,"-3.007175","53.80489"
"61","Blackpool Marton","blc2","2016-07-04",12.2,"-3.007175","53.80489"
"62","Blackpool Marton","blc2","2016-07-05",16,"-3.007175","53.80489"
"63","Blackpool Marton","blc2",NA,11.6,"-3.007175","53.80489"
"64","Bristol St Paul's","brs8","2016-06-30",14,"-2.584482","51.462839"
"65","Bristol St Paul's","brs8","2016-07-01",12.25,"-2.584482","51.462839"
"66","Bristol St Paul's","brs8","2016-07-02",12.5,"-2.584482","51.462839"
"67","Bristol St Paul's","brs8","2016-07-03",12.7,"-2.584482","51.462839"
"68","Bristol St Paul's","brs8","2016-07-04",15.2,"-2.584482","51.462839"
"69","Bristol St Paul's","brs8","2016-07-05",16.3,"-2.584482","51.462839"
"70","Bristol St Paul's","brs8",NA,13.55,"-2.584482","51.462839"
"71","Bury Whitefield Roadside","burw","2016-06-30",13.1,"-2.293772","53.559029"
"72","Bury Whitefield Roadside","burw","2016-07-01",9.2,"-2.293772","53.559029"
"73","Bury Whitefield Roadside","burw","2016-07-02",11.8,"-2.293772","53.559029"
"74","Bury Whitefield Roadside","burw","2016-07-03",13.1,"-2.293772","53.559029"
"75","Bury Whitefield Roadside","burw","2016-07-04",14.1,"-2.293772","53.559029"
"76","Bury Whitefield Roadside","burw","2016-07-05",17.4,"-2.293772","53.559029"
"77","Bury Whitefield Roadside","burw",NA,12.9,"-2.293772","53.559029"
"78","Camden Kerbside","ca1","2016-06-30",17,"-0.175269","51.54421"
"79","Camden Kerbside","ca1","2016-07-01",13.25,"-0.175269","51.54421"
"80","Camden Kerbside","ca1","2016-07-02",14.6,"-0.175269","51.54421"
"81","Camden Kerbside","ca1","2016-07-03",15.45,"-0.175269","51.54421"
"82","Camden Kerbside","ca1","2016-07-04",19.6,"-0.175269","51.54421"
"83","Camden Kerbside","ca1","2016-07-05",22.3,"-0.175269","51.54421"
"84","Camden Kerbside","ca1",NA,17.2,"-0.175269","51.54421"
"85","Cardiff Centre","card","2016-06-30",15.3,"-3.17625","51.48178"
"86","Cardiff Centre","card","2016-07-01",13.7,"-3.17625","51.48178"
"87","Cardiff Centre","card","2016-07-02",14.05,"-3.17625","51.48178"
"88","Cardiff Centre","card","2016-07-03",13.95,"-3.17625","51.48178"
"89","Cardiff Centre","card","2016-07-04",16.5,"-3.17625","51.48178"
"90","Cardiff Centre","card","2016-07-05",21.4,"-3.17625","51.48178"
"91","Cardiff Centre","card",NA,15,"-3.17625","51.48178"
"92","Carlisle Roadside","carl","2016-06-30",10.55,"-2.945307","54.894834"
"93","Carlisle Roadside","carl","2016-07-01",8.85,"-2.945307","54.894834"
"94","Carlisle Roadside","carl","2016-07-02",11.4,"-2.945307","54.894834"
"95","Carlisle Roadside","carl","2016-07-03",12.3,"-2.945307","54.894834"
"96","Carlisle Roadside","carl","2016-07-04",11.45,"-2.945307","54.894834"
"97","Carlisle Roadside","carl","2016-07-05",16.75,"-2.945307","54.894834"
"98","Carlisle Roadside","carl",NA,11.9,"-2.945307","54.894834"
"99","Chatham Roadside","chat","2016-06-30",16.6,"0.54797","51.374264"
"100","Chatham Roadside","chat","2016-07-01",12.4,"0.54797","51.374264"
"101","Chatham Roadside","chat","2016-07-02",13.2,"0.54797","51.374264"
"102","Chatham Roadside","chat","2016-07-03",13.7,"0.54797","51.374264"
"103","Chatham Roadside","chat","2016-07-04",16.65,"0.54797","51.374264"
"104","Chatham Roadside","chat","2016-07-05",22.2,"0.54797","51.374264"
"105","Chatham Roadside","chat",NA,16.5,"0.54797","51.374264"
"106","Chepstow A48","chp","2016-06-30",16.15,"-2.678731","51.638094"
"107","Chepstow A48","chp","2016-07-01",12.45,"-2.678731","51.638094"
"108","Chepstow A48","chp","2016-07-02",13.5,"-2.678731","51.638094"
"109","Chepstow A48","chp","2016-07-03",13.95,"-2.678731","51.638094"
"110","Chepstow A48","chp","2016-07-04",17.3,"-2.678731","51.638094"
"111","Chepstow A48","chp","2016-07-05",26.15,"-2.678731","51.638094"
"112","Chepstow A48","chp",NA,16.25,"-2.678731","51.638094"
"113","Chesterfield Loundsley Green","chlg","2016-06-30",12.2,"-1.454946","53.244131"
"114","Chesterfield Loundsley Green","chlg","2016-07-01",7.7,"-1.454946","53.244131"
"115","Chesterfield Loundsley Green","chlg","2016-07-02",9.1,"-1.454946","53.244131"
"116","Chesterfield Loundsley Green","chlg","2016-07-03",7.1,"-1.454946","53.244131"
"117","Chesterfield Loundsley Green","chlg","2016-07-04",13.75,"-1.454946","53.244131"
"118","Chesterfield Loundsley Green","chlg","2016-07-05",17,"-1.454946","53.244131"
"119","Chesterfield Loundsley Green","chlg",NA,12.2,"-1.454946","53.244131"
"120","Chesterfield Roadside","chs7","2016-06-30",13.35,"-1.456944","53.231722"
"121","Chesterfield Roadside","chs7","2016-07-01",9.4,"-1.456944","53.231722"
"122","Chesterfield Roadside","chs7","2016-07-02",10.3,"-1.456944","53.231722"
"123","Chesterfield Roadside","chs7","2016-07-03",9.9,"-1.456944","53.231722"
"124","Chesterfield Roadside","chs7","2016-07-04",15,"-1.456944","53.231722"
"125","Chesterfield Roadside","chs7","2016-07-05",18.25,"-1.456944","53.231722"
"126","Chesterfield Roadside","chs7",NA,13.25,"-1.456944","53.231722"
"127","Chilbolton Observatory","chbo","2016-06-30",15.35,"-1.438228","51.149617"
"128","Chilbolton Observatory","chbo","2016-07-01",10.45,"-1.438228","51.149617"
"129","Chilbolton Observatory","chbo","2016-07-02",11.2,"-1.438228","51.149617"
"130","Chilbolton Observatory","chbo","2016-07-03",11.75,"-1.438228","51.149617"
"131","Chilbolton Observatory","chbo","2016-07-04",14.9,"-1.438228","51.149617"
"132","Chilbolton Observatory","chbo","2016-07-05",19.1,"-1.438228","51.149617"
"133","Chilbolton Observatory","chbo",NA,14.9,"-1.438228","51.149617"
"134","Coventry Allesley","coal","2016-06-30",15.7,"-1.560228","52.411563"
"135","Coventry Allesley","coal","2016-07-01",11.4,"-1.560228","52.411563"
"136","Coventry Allesley","coal","2016-07-02",14,"-1.560228","52.411563"
"137","Coventry Allesley","coal","2016-07-03",14.4,"-1.560228","52.411563"
"138","Coventry Allesley","coal","2016-07-04",17.3,"-1.560228","52.411563"
"139","Coventry Allesley","coal","2016-07-05",21.4,"-1.560228","52.411563"
"140","Coventry Allesley","coal",NA,15.8,"-1.560228","52.411563"
"141","Derry Rosemount","derr","2016-06-30",9.1,"-7.331179","55.002818"
"142","Derry Rosemount","derr","2016-07-01",7.65,"-7.331179","55.002818"
"143","Derry Rosemount","derr","2016-07-02",8.45,"-7.331179","55.002818"
"144","Derry Rosemount","derr","2016-07-03",9.95,"-7.331179","55.002818"
"145","Derry Rosemount","derr","2016-07-04",9.2,"-7.331179","55.002818"
"146","Derry Rosemount","derr","2016-07-05",12.2,"-7.331179","55.002818"
"147","Derry Rosemount","derr",NA,8.9,"-7.331179","55.002818"
"148","Eastbourne","eb","2016-06-30",15.55,"0.271611","50.805778"
"149","Eastbourne","eb","2016-07-01",14.35,"0.271611","50.805778"
"150","Eastbourne","eb","2016-07-02",14.65,"0.271611","50.805778"
"151","Eastbourne","eb","2016-07-03",12.1,"0.271611","50.805778"
"152","Eastbourne","eb","2016-07-04",15.35,"0.271611","50.805778"
"153","Eastbourne","eb","2016-07-05",21.5,"0.271611","50.805778"
"154","Eastbourne","eb",NA,15.55,"0.271611","50.805778"
"155","Edinburgh St Leonards","ed3","2016-06-30",9.95,"-3.182186","55.945589"
"156","Edinburgh St Leonards","ed3","2016-07-01",7.8,"-3.182186","55.945589"
"157","Edinburgh St Leonards","ed3","2016-07-02",10.4,"-3.182186","55.945589"
"158","Edinburgh St Leonards","ed3","2016-07-03",11.4,"-3.182186","55.945589"
"159","Edinburgh St Leonards","ed3","2016-07-04",10.55,"-3.182186","55.945589"
"160","Edinburgh St Leonards","ed3","2016-07-05",17.5,"-3.182186","55.945589"
"161","Edinburgh St Leonards","ed3",NA,9.8,"-3.182186","55.945589"
"162","Glasgow High Street","ghsr","2016-06-30",8.2,"-4.238214","55.860936"
"163","Glasgow High Street","ghsr","2016-07-01",6.15,"-4.238214","55.860936"
"164","Glasgow High Street","ghsr","2016-07-02",8.55,"-4.238214","55.860936"
"165","Glasgow High Street","ghsr","2016-07-03",9.5,"-4.238214","55.860936"
"166","Glasgow High Street","ghsr","2016-07-04",8.45,"-4.238214","55.860936"
"167","Glasgow High Street","ghsr","2016-07-05",14.8,"-4.238214","55.860936"
"168","Glasgow High Street","ghsr",NA,8.35,"-4.238214","55.860936"
"169","Glasgow Townhead","glkp","2016-06-30",11.1,"-4.243631","55.865782"
"170","Glasgow Townhead","glkp","2016-07-01",9.45,"-4.243631","55.865782"
"171","Glasgow Townhead","glkp","2016-07-02",11.6,"-4.243631","55.865782"
"172","Glasgow Townhead","glkp","2016-07-03",12.7,"-4.243631","55.865782"
"173","Glasgow Townhead","glkp","2016-07-04",12.2,"-4.243631","55.865782"
"174","Glasgow Townhead","glkp","2016-07-05",19.4,"-4.243631","55.865782"
"175","Glasgow Townhead","glkp",NA,11.4,"-4.243631","55.865782"
"176","Grangemouth","gran","2016-06-30",10.2,"-3.704399","56.010319"
"177","Grangemouth","gran","2016-07-01",7.45,"-3.704399","56.010319"
"178","Grangemouth","gran","2016-07-02",11.1,"-3.704399","56.010319"
"179","Grangemouth","gran","2016-07-03",11.65,"-3.704399","56.010319"
"180","Grangemouth","gran","2016-07-04",10.7,"-3.704399","56.010319"
"181","Grangemouth","gran","2016-07-05",19.4,"-3.704399","56.010319"
"182","Grangemouth","gran",NA,10.3,"-3.704399","56.010319"
"183","Hull Freetown","hul2","2016-06-30",15.9,"-0.341222","53.74878"
"184","Hull Freetown","hul2","2016-07-01",13.3,"-0.341222","53.74878"
"185","Hull Freetown","hul2","2016-07-02",14.4,"-0.341222","53.74878"
"186","Hull Freetown","hul2","2016-07-03",15,"-0.341222","53.74878"
"187","Hull Freetown","hul2","2016-07-04",19,"-0.341222","53.74878"
"188","Hull Freetown","hul2","2016-07-05",19.2,"-0.341222","53.74878"
"189","Hull Freetown","hul2",NA,16.3,"-0.341222","53.74878"
"190","Hull Holderness Road","hulr","2016-06-30",15.2,"-0.305749","53.758971"
"191","Hull Holderness Road","hulr","2016-07-01",13,"-0.305749","53.758971"
"192","Hull Holderness Road","hulr","2016-07-02",14.4,"-0.305749","53.758971"
"193","Hull Holderness Road","hulr","2016-07-03",14.1,"-0.305749","53.758971"
"194","Hull Holderness Road","hulr","2016-07-04",18.1,"-0.305749","53.758971"
"195","Hull Holderness Road","hulr","2016-07-05",20.7,"-0.305749","53.758971"
"196","Hull Holderness Road","hulr",NA,15.7,"-0.305749","53.758971"
"197","Leamington Spa","leam","2016-06-30",13.15,"-1.533119","52.28881"
"198","Leamington Spa","leam","2016-07-01",7.75,"-1.533119","52.28881"
"199","Leamington Spa","leam","2016-07-02",9.9,"-1.533119","52.28881"
"200","Leamington Spa","leam","2016-07-03",13.45,"-1.533119","52.28881"
"201","Leamington Spa","leam","2016-07-04",14.75,"-1.533119","52.28881"
"202","Leamington Spa","leam","2016-07-05",21.35,"-1.533119","52.28881"
"203","Leamington Spa","leam",NA,13.1,"-1.533119","52.28881"
"204","Leamington Spa Rugby Road","lear","2016-06-30",15.25,"-1.542911","52.294884"
"205","Leamington Spa Rugby Road","lear","2016-07-01",11.15,"-1.542911","52.294884"
"206","Leamington Spa Rugby Road","lear","2016-07-02",12.9,"-1.542911","52.294884"
"207","Leamington Spa Rugby Road","lear","2016-07-03",15.1,"-1.542911","52.294884"
"208","Leamington Spa Rugby Road","lear","2016-07-04",16.9,"-1.542911","52.294884"
"209","Leamington Spa Rugby Road","lear","2016-07-05",19.25,"-1.542911","52.294884"
"210","Leamington Spa Rugby Road","lear",NA,15.2,"-1.542911","52.294884"
"211","Leeds Centre","leed","2016-06-30",13.1,"-1.546472","53.80378"
"212","Leeds Centre","leed","2016-07-01",10.1,"-1.546472","53.80378"
"213","Leeds Centre","leed","2016-07-02",12,"-1.546472","53.80378"
"214","Leeds Centre","leed","2016-07-03",12.55,"-1.546472","53.80378"
"215","Leeds Centre","leed","2016-07-04",16.1,"-1.546472","53.80378"
"216","Leeds Centre","leed","2016-07-05",20.95,"-1.546472","53.80378"
"217","Leeds Centre","leed",NA,13.65,"-1.546472","53.80378"
"218","Leeds Headingley Kerbside","led6","2016-06-30",15.95,"-1.576361","53.819972"
"219","Leeds Headingley Kerbside","led6","2016-07-01",12.6,"-1.576361","53.819972"
"220","Leeds Headingley Kerbside","led6","2016-07-02",15,"-1.576361","53.819972"
"221","Leeds Headingley Kerbside","led6","2016-07-03",15.3,"-1.576361","53.819972"
"222","Leeds Headingley Kerbside","led6","2016-07-04",17.5,"-1.576361","53.819972"
"223","Leeds Headingley Kerbside","led6","2016-07-05",21.85,"-1.576361","53.819972"
"224","Leeds Headingley Kerbside","led6",NA,15.9,"-1.576361","53.819972"
"225","Leicester A594 Roadside","leir","2016-06-30",15.1,"-1.124228","52.638677"
"226","Leicester A594 Roadside","leir","2016-07-01",11.7,"-1.124228","52.638677"
"227","Leicester A594 Roadside","leir","2016-07-02",13.4,"-1.124228","52.638677"
"228","Leicester A594 Roadside","leir","2016-07-03",14.1,"-1.124228","52.638677"
"229","Leicester A594 Roadside","leir","2016-07-04",17.2,"-1.124228","52.638677"
"230","Leicester A594 Roadside","leir","2016-07-05",19.5,"-1.124228","52.638677"
"231","Leicester A594 Roadside","leir",NA,15.3,"-1.124228","52.638677"
"232","Leicester University","lecu","2016-06-30",14.7,"-1.127311","52.619823"
"233","Leicester University","lecu","2016-07-01",10,"-1.127311","52.619823"
"234","Leicester University","lecu","2016-07-02",11.6,"-1.127311","52.619823"
"235","Leicester University","lecu","2016-07-03",13.5,"-1.127311","52.619823"
"236","Leicester University","lecu","2016-07-04",16.7,"-1.127311","52.619823"
"237","Leicester University","lecu","2016-07-05",20.9,"-1.127311","52.619823"
"238","Leicester University","lecu",NA,14.7,"-1.127311","52.619823"
"239","Liverpool Speke","lvp","2016-06-30",14.05,"-2.844333","53.34633"
"240","Liverpool Speke","lvp","2016-07-01",11.5,"-2.844333","53.34633"
"241","Liverpool Speke","lvp","2016-07-02",13.35,"-2.844333","53.34633"
"242","Liverpool Speke","lvp","2016-07-03",14.8,"-2.844333","53.34633"
"243","Liverpool Speke","lvp","2016-07-04",15.05,"-2.844333","53.34633"
"244","Liverpool Speke","lvp","2016-07-05",16.4,"-2.844333","53.34633"
"245","Liverpool Speke","lvp",NA,14.15,"-2.844333","53.34633"
"246","London Bexley","bex","2016-06-30",17.4,"0.184806","51.46603"
"247","London Bexley","bex","2016-07-01",12.7,"0.184806","51.46603"
"248","London Bexley","bex","2016-07-02",13.9,"0.184806","51.46603"
"249","London Bexley","bex","2016-07-03",14.6,"0.184806","51.46603"
"250","London Bexley","bex","2016-07-04",17.1,"0.184806","51.46603"
"251","London Bexley","bex","2016-07-05",25.2,"0.184806","51.46603"
"252","London Bexley","bex",NA,17.1,"0.184806","51.46603"
"253","London Bloomsbury","cll2","2016-06-30",15.15,"-0.125889","51.52229"
"254","London Bloomsbury","cll2","2016-07-01",11.1,"-0.125889","51.52229"
"255","London Bloomsbury","cll2","2016-07-02",12.2,"-0.125889","51.52229"
"256","London Bloomsbury","cll2","2016-07-03",14,"-0.125889","51.52229"
"257","London Bloomsbury","cll2","2016-07-04",15.4,"-0.125889","51.52229"
"258","London Bloomsbury","cll2","2016-07-05",20.35,"-0.125889","51.52229"
"259","London Bloomsbury","cll2",NA,15.25,"-0.125889","51.52229"
"260","London Eltham","lon6","2016-06-30",15.6,"0.070766","51.45258"
"261","London Eltham","lon6","2016-07-01",9.8,"0.070766","51.45258"
"262","London Eltham","lon6","2016-07-02",11.5,"0.070766","51.45258"
"263","London Eltham","lon6","2016-07-03",13.4,"0.070766","51.45258"
"264","London Eltham","lon6","2016-07-04",15.3,"0.070766","51.45258"
"265","London Eltham","lon6","2016-07-05",23.9,"0.070766","51.45258"
"266","London Eltham","lon6",NA,15.4,"0.070766","51.45258"
"267","London Harlington","hrl","2016-06-30",16.7,"-0.441614","51.48879"
"268","London Harlington","hrl","2016-07-01",12.4,"-0.441614","51.48879"
"269","London Harlington","hrl","2016-07-02",13.3,"-0.441614","51.48879"
"270","London Harlington","hrl","2016-07-03",14.4,"-0.441614","51.48879"
"271","London Harlington","hrl","2016-07-04",16.1,"-0.441614","51.48879"
"272","London Harlington","hrl","2016-07-05",20,"-0.441614","51.48879"
"273","London Harlington","hrl",NA,16.8,"-0.441614","51.48879"
"274","London Harrow Stanmore","hr3","2016-06-30",15.1,"-0.298777","51.617333"
"275","London Harrow Stanmore","hr3","2016-07-01",10.2,"-0.298777","51.617333"
"276","London Harrow Stanmore","hr3","2016-07-02",10.7,"-0.298777","51.617333"
"277","London Harrow Stanmore","hr3","2016-07-03",13,"-0.298777","51.617333"
"278","London Harrow Stanmore","hr3","2016-07-04",15.4,"-0.298777","51.617333"
"279","London Harrow Stanmore","hr3","2016-07-05",22.1,"-0.298777","51.617333"
"280","London Harrow Stanmore","hr3",NA,15.3,"-0.298777","51.617333"
"281","London Marylebone Road","my1","2016-06-30",16.45,"-0.154611","51.52253"
"282","London Marylebone Road","my1","2016-07-01",12.65,"-0.154611","51.52253"
"283","London Marylebone Road","my1","2016-07-02",14.2,"-0.154611","51.52253"
"284","London Marylebone Road","my1","2016-07-03",15,"-0.154611","51.52253"
"285","London Marylebone Road","my1","2016-07-04",16.55,"-0.154611","51.52253"
"286","London Marylebone Road","my1","2016-07-05",18.5,"-0.154611","51.52253"
"287","London Marylebone Road","my1",NA,16.35,"-0.154611","51.52253"
"288","London N. Kensington","kc1","2016-06-30",16.1,"-0.213492","51.52105"
"289","London N. Kensington","kc1","2016-07-01",11.8,"-0.213492","51.52105"
"290","London N. Kensington","kc1","2016-07-02",13,"-0.213492","51.52105"
"291","London N. Kensington","kc1","2016-07-03",14.05,"-0.213492","51.52105"
"292","London N. Kensington","kc1","2016-07-04",16.15,"-0.213492","51.52105"
"293","London N. Kensington","kc1","2016-07-05",25.95,"-0.213492","51.52105"
"294","London N. Kensington","kc1",NA,16.35,"-0.213492","51.52105"
"295","London Teddington Bushy Park","ted2","2016-06-30",15.9,"-0.345606","51.425286"
"296","London Teddington Bushy Park","ted2","2016-07-01",9.8,"-0.345606","51.425286"
"297","London Teddington Bushy Park","ted2","2016-07-02",10.1,"-0.345606","51.425286"
"298","London Teddington Bushy Park","ted2","2016-07-03",12,"-0.345606","51.425286"
"299","London Teddington Bushy Park","ted2","2016-07-04",15.2,"-0.345606","51.425286"
"300","London Teddington Bushy Park","ted2","2016-07-05",19.8,"-0.345606","51.425286"
"301","London Teddington Bushy Park","ted2",NA,15.9,"-0.345606","51.425286"
"302","Lough Navar","ln","2016-06-30",11.3,"-7.900328","54.43951"
"303","Lough Navar","ln","2016-07-01",10.1,"-7.900328","54.43951"
"304","Lough Navar","ln","2016-07-02",11.1,"-7.900328","54.43951"
"305","Lough Navar","ln","2016-07-03",11.9,"-7.900328","54.43951"
"306","Lough Navar","ln","2016-07-04",11.5,"-7.900328","54.43951"
"307","Lough Navar","ln","2016-07-05",19.2,"-7.900328","54.43951"
"308","Lough Navar","ln",NA,11.1,"-7.900328","54.43951"
"309","Manchester Piccadilly","man3","2016-06-30",13.5,"-2.237881","53.48152"
"310","Manchester Piccadilly","man3","2016-07-01",10.3,"-2.237881","53.48152"
"311","Manchester Piccadilly","man3","2016-07-02",13.4,"-2.237881","53.48152"
"312","Manchester Piccadilly","man3","2016-07-03",15,"-2.237881","53.48152"
"313","Manchester Piccadilly","man3","2016-07-04",14.9,"-2.237881","53.48152"
"314","Manchester Piccadilly","man3","2016-07-05",18.7,"-2.237881","53.48152"
"315","Manchester Piccadilly","man3",NA,13.4,"-2.237881","53.48152"
"316","Middlesbrough","mid","2016-06-30",11.3,"-1.220874","54.569297"
"317","Middlesbrough","mid","2016-07-01",8.2,"-1.220874","54.569297"
"318","Middlesbrough","mid","2016-07-02",10.2,"-1.220874","54.569297"
"319","Middlesbrough","mid","2016-07-03",12.1,"-1.220874","54.569297"
"320","Middlesbrough","mid","2016-07-04",14.3,"-1.220874","54.569297"
"321","Middlesbrough","mid","2016-07-05",22.9,"-1.220874","54.569297"
"322","Middlesbrough","mid",NA,12.05,"-1.220874","54.569297"
"323","Narberth","pemb","2016-06-30",13.2,"-4.691462","51.781784"
"324","Narberth","pemb","2016-07-01",11,"-4.691462","51.781784"
"325","Narberth","pemb","2016-07-02",11.1,"-4.691462","51.781784"
"326","Narberth","pemb","2016-07-03",10.1,"-4.691462","51.781784"
"327","Narberth","pemb","2016-07-04",13.9,"-4.691462","51.781784"
"328","Narberth","pemb","2016-07-05",20.7,"-4.691462","51.781784"
"329","Narberth","pemb",NA,13.1,"-4.691462","51.781784"
"330","Newcastle Centre","newc","2016-06-30",10.25,"-1.610528","54.97825"
"331","Newcastle Centre","newc","2016-07-01",8.75,"-1.610528","54.97825"
"332","Newcastle Centre","newc","2016-07-02",10.6,"-1.610528","54.97825"
"333","Newcastle Centre","newc","2016-07-03",11.85,"-1.610528","54.97825"
"334","Newcastle Centre","newc","2016-07-04",11.85,"-1.610528","54.97825"
"335","Newcastle Centre","newc","2016-07-05",17.05,"-1.610528","54.97825"
"336","Newcastle Centre","newc",NA,8.4,"-1.610528","54.97825"
"337","Newport","npt3","2016-06-30",15.1,"-2.977281","51.601203"
"338","Newport","npt3","2016-07-01",12.7,"-2.977281","51.601203"
"339","Newport","npt3","2016-07-02",14.15,"-2.977281","51.601203"
"340","Newport","npt3","2016-07-03",14.45,"-2.977281","51.601203"
"341","Newport","npt3","2016-07-04",16.65,"-2.977281","51.601203"
"342","Newport","npt3","2016-07-05",22.9,"-2.977281","51.601203"
"343","Newport","npt3",NA,15.15,"-2.977281","51.601203"
"344","Norwich Lakenfields","no12","2016-06-30",16.35,"1.301976","52.614193"
"345","Norwich Lakenfields","no12","2016-07-01",12.95,"1.301976","52.614193"
"346","Norwich Lakenfields","no12","2016-07-02",10.9,"1.301976","52.614193"
"347","Norwich Lakenfields","no12","2016-07-03",15.25,"1.301976","52.614193"
"348","Norwich Lakenfields","no12","2016-07-04",16.3,"1.301976","52.614193"
"349","Norwich Lakenfields","no12","2016-07-05",17.4,"1.301976","52.614193"
"350","Norwich Lakenfields","no12",NA,14.8,"1.301976","52.614193"
"351","Nottingham Centre","nott","2016-06-30",13.15,"-1.146447","52.95473"
"352","Nottingham Centre","nott","2016-07-01",9.3,"-1.146447","52.95473"
"353","Nottingham Centre","nott","2016-07-02",9.9,"-1.146447","52.95473"
"354","Nottingham Centre","nott","2016-07-03",14.35,"-1.146447","52.95473"
"355","Nottingham Centre","nott","2016-07-04",16.1,"-1.146447","52.95473"
"356","Nottingham Centre","nott","2016-07-05",17.6,"-1.146447","52.95473"
"357","Nottingham Centre","nott",NA,13.1,"-1.146447","52.95473"
"358","Nottingham Western Boulevard","nwbv","2016-06-30",12.4,"-1.188851","52.969377"
"359","Nottingham Western Boulevard","nwbv","2016-07-01",8.8,"-1.188851","52.969377"
"360","Nottingham Western Boulevard","nwbv","2016-07-02",8.3,"-1.188851","52.969377"
"361","Nottingham Western Boulevard","nwbv","2016-07-03",11.1,"-1.188851","52.969377"
"362","Nottingham Western Boulevard","nwbv","2016-07-04",14.6,"-1.188851","52.969377"
"363","Nottingham Western Boulevard","nwbv","2016-07-05",18.2,"-1.188851","52.969377"
"364","Nottingham Western Boulevard","nwbv",NA,12.4,"-1.188851","52.969377"
"365","Oxford St Ebbes","ox8","2016-06-30",15.05,"-1.260278","51.744806"
"366","Oxford St Ebbes","ox8","2016-07-01",10.75,"-1.260278","51.744806"
"367","Oxford St Ebbes","ox8","2016-07-02",12,"-1.260278","51.744806"
"368","Oxford St Ebbes","ox8","2016-07-03",12.85,"-1.260278","51.744806"
"369","Oxford St Ebbes","ox8","2016-07-04",15.3,"-1.260278","51.744806"
"370","Oxford St Ebbes","ox8","2016-07-05",18.95,"-1.260278","51.744806"
"371","Oxford St Ebbes","ox8",NA,15,"-1.260278","51.744806"
"372","Plymouth Centre","plym","2016-06-30",14.8,"-4.142361","50.37167"
"373","Plymouth Centre","plym","2016-07-01",12.75,"-4.142361","50.37167"
"374","Plymouth Centre","plym","2016-07-02",14.15,"-4.142361","50.37167"
"375","Plymouth Centre","plym","2016-07-03",14.85,"-4.142361","50.37167"
"376","Plymouth Centre","plym","2016-07-04",15.75,"-4.142361","50.37167"
"377","Plymouth Centre","plym","2016-07-05",16.7,"-4.142361","50.37167"
"378","Plymouth Centre","plym",NA,14.25,"-4.142361","50.37167"
"379","Port Talbot Margam","pt4","2016-06-30",16.55,"-3.770822","51.58395"
"380","Port Talbot Margam","pt4","2016-07-01",15.4,"-3.770822","51.58395"
"381","Port Talbot Margam","pt4","2016-07-02",15.5,"-3.770822","51.58395"
"382","Port Talbot Margam","pt4","2016-07-03",12.45,"-3.770822","51.58395"
"383","Port Talbot Margam","pt4","2016-07-04",16.45,"-3.770822","51.58395"
"384","Port Talbot Margam","pt4","2016-07-05",20.85,"-3.770822","51.58395"
"385","Port Talbot Margam","pt4",NA,16.2,"-3.770822","51.58395"
"386","Portsmouth","pmth","2016-06-30",15.35,"-1.068583","50.82881"
"387","Portsmouth","pmth","2016-07-01",13.8,"-1.068583","50.82881"
"388","Portsmouth","pmth","2016-07-02",14.1,"-1.068583","50.82881"
"389","Portsmouth","pmth","2016-07-03",14.2,"-1.068583","50.82881"
"390","Portsmouth","pmth","2016-07-04",15.4,"-1.068583","50.82881"
"391","Portsmouth","pmth","2016-07-05",23.05,"-1.068583","50.82881"
"392","Portsmouth","pmth",NA,15.1,"-1.068583","50.82881"
"393","Preston","pres","2016-06-30",13.7,"-2.680353","53.76559"
"394","Preston","pres","2016-07-01",11.7,"-2.680353","53.76559"
"395","Preston","pres","2016-07-02",14.1,"-2.680353","53.76559"
"396","Preston","pres","2016-07-03",15.2,"-2.680353","53.76559"
"397","Preston","pres","2016-07-04",14.9,"-2.680353","53.76559"
"398","Preston","pres","2016-07-05",15,"-2.680353","53.76559"
"399","Preston","pres",NA,14.1,"-2.680353","53.76559"
"400","Reading New Town","rea1","2016-06-30",16.25,"-0.944067","51.45309"
"401","Reading New Town","rea1","2016-07-01",11.15,"-0.944067","51.45309"
"402","Reading New Town","rea1","2016-07-02",11.05,"-0.944067","51.45309"
"403","Reading New Town","rea1","2016-07-03",13,"-0.944067","51.45309"
"404","Reading New Town","rea1","2016-07-04",16.35,"-0.944067","51.45309"
"405","Reading New Town","rea1","2016-07-05",15.95,"-0.944067","51.45309"
"406","Reading New Town","rea1",NA,16.3,"-0.944067","51.45309"
"407","Rochester Stoke","roch","2016-06-30",17.4,"0.634889","51.45617"
"408","Rochester Stoke","roch","2016-07-01",11.7,"0.634889","51.45617"
"409","Rochester Stoke","roch","2016-07-02",11.55,"0.634889","51.45617"
"410","Rochester Stoke","roch","2016-07-03",12.45,"0.634889","51.45617"
"411","Rochester Stoke","roch","2016-07-04",17,"0.634889","51.45617"
"412","Rochester Stoke","roch","2016-07-05",21.75,"0.634889","51.45617"
"413","Rochester Stoke","roch",NA,17.35,"0.634889","51.45617"
"414","Salford Eccles","eccl","2016-06-30",14.3,"-2.334139","53.48481"
"415","Salford Eccles","eccl","2016-07-01",10.2,"-2.334139","53.48481"
"416","Salford Eccles","eccl","2016-07-02",13.3,"-2.334139","53.48481"
"417","Salford Eccles","eccl","2016-07-03",15,"-2.334139","53.48481"
"418","Salford Eccles","eccl","2016-07-04",15.1,"-2.334139","53.48481"
"419","Salford Eccles","eccl",NA,11.7,"-2.334139","53.48481"
"420","Saltash Callington Road","sash","2016-06-30",15.45,"-4.227678","50.411463"
"421","Saltash Callington Road","sash","2016-07-01",12.6,"-4.227678","50.411463"
"422","Saltash Callington Road","sash","2016-07-02",14.2,"-4.227678","50.411463"
"423","Saltash Callington Road","sash","2016-07-03",14.15,"-4.227678","50.411463"
"424","Saltash Callington Road","sash","2016-07-04",16.45,"-4.227678","50.411463"
"425","Saltash Callington Road","sash","2016-07-05",15.75,"-4.227678","50.411463"
"426","Saltash Callington Road","sash",NA,15.2,"-4.227678","50.411463"
"427","Sandy Roadside","sdy","2016-06-30",13.85,"-0.300306","52.132417"
"428","Sandy Roadside","sdy","2016-07-01",8.1,"-0.300306","52.132417"
"429","Sandy Roadside","sdy","2016-07-02",9.25,"-0.300306","52.132417"
"430","Sandy Roadside","sdy","2016-07-03",11.25,"-0.300306","52.132417"
"431","Sandy Roadside","sdy","2016-07-04",14.95,"-0.300306","52.132417"
"432","Sandy Roadside","sdy","2016-07-05",18.95,"-0.300306","52.132417"
"433","Sandy Roadside","sdy",NA,13.65,"-0.300306","52.132417"
"434","Scunthorpe Town","scn2","2016-06-30",13.8,"-0.636811","53.58634"
"435","Scunthorpe Town","scn2","2016-07-01",10.6,"-0.636811","53.58634"
"436","Scunthorpe Town","scn2","2016-07-02",11.5,"-0.636811","53.58634"
"437","Scunthorpe Town","scn2","2016-07-03",9.8,"-0.636811","53.58634"
"438","Scunthorpe Town","scn2","2016-07-04",16.5,"-0.636811","53.58634"
"439","Scunthorpe Town","scn2","2016-07-05",14.3,"-0.636811","53.58634"
"440","Scunthorpe Town","scn2",NA,14.2,"-0.636811","53.58634"
"441","Sheffield Devonshire Green","shdg","2016-06-30",14.75,"-1.478096","53.378622"
"442","Sheffield Devonshire Green","shdg","2016-07-01",12,"-1.478096","53.378622"
"443","Sheffield Devonshire Green","shdg","2016-07-02",12.65,"-1.478096","53.378622"
"444","Sheffield Devonshire Green","shdg","2016-07-03",12.35,"-1.478096","53.378622"
"445","Sheffield Devonshire Green","shdg","2016-07-04",17.4,"-1.478096","53.378622"
"446","Sheffield Devonshire Green","shdg","2016-07-05",22.2,"-1.478096","53.378622"
"447","Sheffield Devonshire Green","shdg",NA,14.9,"-1.478096","53.378622"
"448","Southampton A33","sa33","2016-06-30",14.7,"-1.463484","50.920265"
"449","Southampton A33","sa33","2016-07-01",12.3,"-1.463484","50.920265"
"450","Southampton A33","sa33","2016-07-02",11.6,"-1.463484","50.920265"
"451","Southampton A33","sa33","2016-07-03",12.6,"-1.463484","50.920265"
"452","Southampton A33","sa33","2016-07-04",15.3,"-1.463484","50.920265"
"453","Southampton A33","sa33","2016-07-05",14.8,"-1.463484","50.920265"
"454","Southampton A33","sa33",NA,15.1,"-1.463484","50.920265"
"455","Southend-on-Sea","send","2016-06-30",14.4,"0.678408","51.544206"
"456","Southend-on-Sea","send","2016-07-01",9.7,"0.678408","51.544206"
"457","Southend-on-Sea","send","2016-07-02",9.2,"0.678408","51.544206"
"458","Southend-on-Sea","send","2016-07-03",11.6,"0.678408","51.544206"
"459","Southend-on-Sea","send","2016-07-04",14.2,"0.678408","51.544206"
"460","Southend-on-Sea","send",NA,14.2,"0.678408","51.544206"
"461","Southwark A2 Old Kent Road","sk5","2016-06-30",17.8,"-0.05955","51.480499"
"462","Southwark A2 Old Kent Road","sk5","2016-07-01",13.1,"-0.05955","51.480499"
"463","Southwark A2 Old Kent Road","sk5","2016-07-02",14.8,"-0.05955","51.480499"
"464","Southwark A2 Old Kent Road","sk5","2016-07-03",16.1,"-0.05955","51.480499"
"465","Southwark A2 Old Kent Road","sk5","2016-07-04",17.7,"-0.05955","51.480499"
"466","Southwark A2 Old Kent Road","sk5","2016-07-05",28.9,"-0.05955","51.480499"
"467","Southwark A2 Old Kent Road","sk5",NA,17.6,"-0.05955","51.480499"
"468","Stanford-le-Hope Roadside","hope","2016-06-30",17.6,"0.439548","51.518167"
"469","Stanford-le-Hope Roadside","hope","2016-07-01",13.55,"0.439548","51.518167"
"470","Stanford-le-Hope Roadside","hope","2016-07-02",12.85,"0.439548","51.518167"
"471","Stanford-le-Hope Roadside","hope","2016-07-03",15.5,"0.439548","51.518167"
"472","Stanford-le-Hope Roadside","hope","2016-07-04",17.55,"0.439548","51.518167"
"473","Stanford-le-Hope Roadside","hope","2016-07-05",23.65,"0.439548","51.518167"
"474","Stanford-le-Hope Roadside","hope",NA,17.05,"0.439548","51.518167"
"475","Stockton-on-Tees A1305 Roadside","sotr","2016-06-30",12,"-1.3159","54.565819"
"476","Stockton-on-Tees A1305 Roadside","sotr","2016-07-01",8.5,"-1.3159","54.565819"
"477","Stockton-on-Tees A1305 Roadside","sotr","2016-07-02",10.8,"-1.3159","54.565819"
"478","Stockton-on-Tees A1305 Roadside","sotr","2016-07-03",12.4,"-1.3159","54.565819"
"479","Stockton-on-Tees A1305 Roadside","sotr","2016-07-04",14.5,"-1.3159","54.565819"
"480","Stockton-on-Tees A1305 Roadside","sotr","2016-07-05",18.4,"-1.3159","54.565819"
"481","Stockton-on-Tees A1305 Roadside","sotr",NA,12.5,"-1.3159","54.565819"
"482","Stoke-on-Trent A50 Roadside","stkr","2016-06-30",11.8,"-2.111898","52.980436"
"483","Stoke-on-Trent A50 Roadside","stkr","2016-07-01",8.4,"-2.111898","52.980436"
"484","Stoke-on-Trent A50 Roadside","stkr","2016-07-02",9.5,"-2.111898","52.980436"
"485","Stoke-on-Trent A50 Roadside","stkr","2016-07-03",10.6,"-2.111898","52.980436"
"486","Stoke-on-Trent A50 Roadside","stkr","2016-07-04",13.5,"-2.111898","52.980436"
"487","Stoke-on-Trent A50 Roadside","stkr","2016-07-05",15.2,"-2.111898","52.980436"
"488","Stoke-on-Trent A50 Roadside","stkr",NA,11.4,"-2.111898","52.980436"
"489","Stoke-on-Trent Centre","stok","2016-06-30",12.1,"-2.175133","53.02821"
"490","Stoke-on-Trent Centre","stok","2016-07-01",8.8,"-2.175133","53.02821"
"491","Stoke-on-Trent Centre","stok","2016-07-02",10.1,"-2.175133","53.02821"
"492","Stoke-on-Trent Centre","stok","2016-07-03",9.4,"-2.175133","53.02821"
"493","Stoke-on-Trent Centre","stok","2016-07-04",14.3,"-2.175133","53.02821"
"494","Stoke-on-Trent Centre","stok","2016-07-05",18.8,"-2.175133","53.02821"
"495","Stoke-on-Trent Centre","stok",NA,12,"-2.175133","53.02821"
"496","Storrington Roadside","stor","2016-06-30",14.6,"-0.449548","50.916932"
"497","Storrington Roadside","stor",NA,14.45,"-0.449548","50.916932"
"498","Sunderland Silksworth","sun2","2016-06-30",11.8,"-1.406878","54.88361"
"499","Sunderland Silksworth","sun2","2016-07-01",8.7,"-1.406878","54.88361"
"500","Sunderland Silksworth","sun2","2016-07-02",11.6,"-1.406878","54.88361"
"501","Sunderland Silksworth","sun2","2016-07-03",13.1,"-1.406878","54.88361"
"502","Sunderland Silksworth","sun2","2016-07-04",13.8,"-1.406878","54.88361"
"503","Sunderland Silksworth","sun2","2016-07-05",15.4,"-1.406878","54.88361"
"504","Sunderland Silksworth","sun2",NA,12.1,"-1.406878","54.88361"
"505","Thurrock","thur","2016-06-30",17,"0.317969","51.47707"
"506","Thurrock","thur","2016-07-01",12,"0.317969","51.47707"
"507","Thurrock","thur","2016-07-02",13.2,"0.317969","51.47707"
"508","Thurrock","thur","2016-07-03",14.6,"0.317969","51.47707"
"509","Thurrock","thur","2016-07-04",16.8,"0.317969","51.47707"
"510","Thurrock","thur","2016-07-05",23.9,"0.317969","51.47707"
"511","Thurrock","thur",NA,16.7,"0.317969","51.47707"
"512","Warrington","war","2016-06-30",12.85,"-2.615358","53.38928"
"513","Warrington","war","2016-07-01",10.45,"-2.615358","53.38928"
"514","Warrington","war","2016-07-02",13.25,"-2.615358","53.38928"
"515","Warrington","war","2016-07-03",12.75,"-2.615358","53.38928"
"516","Warrington","war","2016-07-04",14.4,"-2.615358","53.38928"
"517","Warrington","war","2016-07-05",15.2,"-2.615358","53.38928"
"518","Warrington","war",NA,13.1,"-2.615358","53.38928"
"519","Wigan Centre","wig5","2016-06-30",13.6,"-2.638139","53.54914"
"520","Wigan Centre","wig5","2016-07-01",9.2,"-2.638139","53.54914"
"521","Wigan Centre","wig5","2016-07-02",12.9,"-2.638139","53.54914"
"522","Wigan Centre","wig5","2016-07-03",14.3,"-2.638139","53.54914"
"523","Wigan Centre","wig5","2016-07-04",14.7,"-2.638139","53.54914"
"524","Wigan Centre","wig5","2016-07-05",16.1,"-2.638139","53.54914"
"525","Wigan Centre","wig5",NA,13.6,"-2.638139","53.54914"
"526","Wirral Tranmere","tran","2016-06-30",15.7,"-3.022722","53.37287"
"527","Wirral Tranmere","tran","2016-07-01",13.5,"-3.022722","53.37287"
"528","Wirral Tranmere","tran","2016-07-02",15.6,"-3.022722","53.37287"
"529","Wirral Tranmere","tran","2016-07-03",17,"-3.022722","53.37287"
"530","Wirral Tranmere","tran","2016-07-04",17.6,"-3.022722","53.37287"
"531","Wirral Tranmere","tran","2016-07-05",18.7,"-3.022722","53.37287"
"532","Wirral Tranmere","tran",NA,15.5,"-3.022722","53.37287"
"533","York Bootham","yk10","2016-06-30",12.3,"-1.086514","53.967513"
"534","York Bootham","yk10","2016-07-01",8.65,"-1.086514","53.967513"
"535","York Bootham","yk10","2016-07-02",10.5,"-1.086514","53.967513"
"536","York Bootham","yk10","2016-07-03",12.35,"-1.086514","53.967513"
"537","York Bootham","yk10","2016-07-04",14.6,"-1.086514","53.967513"
"538","York Bootham","yk10","2016-07-05",24.8,"-1.086514","53.967513"
"539","York Bootham","yk10",NA,12.7,"-1.086514","53.967513"
"540","York Fishergate","yk11","2016-06-30",13.95,"-1.075861","53.951889"
"541","York Fishergate","yk11","2016-07-01",11.25,"-1.075861","53.951889"
"542","York Fishergate","yk11","2016-07-02",12.75,"-1.075861","53.951889"
"543","York Fishergate","yk11","2016-07-03",14.15,"-1.075861","53.951889"
"544","York Fishergate","yk11","2016-07-04",17.05,"-1.075861","53.951889"
"545","York Fishergate","yk11","2016-07-05",22.5,"-1.075861","53.951889"
"546","York Fishergate","yk11",NA,14.45,"-1.075861","53.951889"
